Y,Q21,Q23_30,Q29,Q210,Q312_1,Q312_2,Q312_3,Q312_4,Q312_5,Q312_6,Q310_1,Q310_2,Q310_3,Q310_4,Q310_5,Q310_6,Q41_1,Q41_2,Q41_3,Q41_4,Q41_5,Q41_6,Q41_7,Q41_8,Q42_1,Q42_2,Q42_3,Q42_4,Q42_5,Q42_6,Q42_7,Q43_1,Q43_2,Q43_3,Q43_4,Q43_5,Q43_6,Q43_7,Q43_8,Q43_9,Q43_10,Q43_11,Q43_12,Q43_13,Q43_14,Q43_15,Q44_1,Q44_2,Q44_3,Q44_4,Q44_5,Q44_6,Q45_1,Q45_2,Q45_3,Q45_4,Q51_0_1_RANK,Q51_0_2_RANK,Q51_0_3_RANK,Q51_0_4_RANK,Q51_0_5_RANK,Q51_0_6_RANK,Q51_0_7_RANK,Q51_0_8_RANK,Q51_0_9_RANK,Q51_0_10_RANK,Q51_0_11_RANK,Q51_0_12_RANK,Q51_0_13_RANK,Q51_0_14_RANK,Q51_0_15_RANK,Q51_0_16_RANK,Q51_0_17_RANK,Q51_0_18_RANK,Q52_1,Q52_2,Q52_3,Q52_4,Q52_5,Q52_6,Q52_7,Q52_8,Q52_9,Q52_10,Q52_11,Q52_12,Q54_1,Q54_2,Q54_3,Q54_4,Q54_5,Q54_6,Q54_5_TEXT,Q55_1,Q55_2,Q55_3,Q55_4,Q55_5,Q55_6,Q55_7,Q55_7_TEXT,Q56_1,Q56_2,Q56_3,Q56_4,Q56_5,Q56_6,Q56_7,Q56_8,Q56_9,Q57,Q58,Q59,Q510,Q511,Q512,Q513,Q514,Q61,Q62,Q63,Q64_1,Q64_2,Q64_3,Q64_4,Q64_5,Q64_6,Q64_7,Q65_1,Q65_2,Q65_3,Q65_4,Q65_5,Q65_6,Q65_7,Q65_8,Q65_9,Q65_10,Q65_11,Q65_12,Q66_1,Q66_2,Q66_3,Q67_1,Q67_2,Q67_3,Q67_4,Q67_5,Q67_6,Q68,Q69_1,Q69_2,Q69_3,Q69_4,Q69_5,Q69_6,Q69_7,Q69_8,Q69_9,Q69_10,Q61_1,Q61_2,Q61_3,Q61_4,Q61_5,Q61_6,Q61_7,Q61_8,Q61_9,Q61_10,Q72_1,Q72_2,Q72_3,Q72_4,Q72_5,Q72_6,Q72_7,Q72_8,Q72_9,Q72_10,Q63_1,Q63_2,Q63_3,Q63_4,Q63_5,Q63_6,Q63_7,Q63_8,Q74,Q75,Q91,Q98,Q99,Q101,Q102,Q111,Q112,Q113,Q121,Q123,Q132
"Not vaccinated (0), Received at least one dose (1)","To your knowledge, do you have or have you had COVID-19?",Q2.3 How many children born alive have you had during your life?,"Q2.9 Do you personally know anyone in your family, group of friends, or community networks who became seriously ill or died as a result of COVID-19? Yes, members of my immediate family became seriously ill or died as a result of Covid-19  (1) 
Yes, members of my extended family became seriously ill or died as a result of Covid-19  (2) 
Yes, members of my immediate community became seriously ill or died as a result of Covid-19  (3) 
Yes, members of my extended community became seriously ill or died as a result of Covid-19  (4) 
No  (5) ","Q2.10 How concerned are you about getting COVID-19? Not at all concerned  (1) 
A little concerned  (2) 
Moderately concerned  (3) 
Very concerned  (4) ","Q3.12 Have you done any of the following after the COVID-19 vaccines were available? Practiced social distancing  (1) 
Wore masks  (2) 
Got a flu shot  (3) 
Received a dose of Ivermectin  (4) 
Received Monoclonal antibodies  (5) 
Received a dose of Hydroxychloroquine  (6) ",,,,,,"Q3.13 How often did you wear a mask before and after the COVID-19 vaccines were available? Wore a mask indoors in public before the vaccines were available (Q3.10_1) 
Wore a mask outdoors in public before the vaccines were available (Q3.10_2) 
Wore a mask indoors in public after the vaccines were available (Q3.10_3) 
Wore a mask outdoors in public after the vaccines were available (Q3.10_4) 
Wore a mask indoors in public after the booster shots were available (Q3.10_5) 
Wore a mask outdoors in public after the booster shots were available (Q3.10_6) 
Never (1)
Sometimes (2)
Always (3)
",,,,,,"Q4.1 In this section you will be asked questions about your views on science, vaccines, the COVID-19 pandemic, and the institutions that took part in preventing the spread of the COVID-19 virus. Do you agree with the following statements related to vaccines and science? Strongly disagree (1)
Somewhat disagree (2)
Neither agree nor disagree (3)
Somewhat agree (4)
Strongly agree (5)
Vaccines in general are effective (Q4.1_1) 
Vaccines in general are safe (Q4.1_2) 
Human beings developed from earlier species of animals (Q4.1_3) 
Evolution is the best explanation for the origins of human life on earth (Q4.1_4) 
Climate change is happening (Q4.1_5) 
The Earth is getting warmer mostly because of human activity, such as burning fossil fuels (Q4.1_6) 
The Earth is getting warmer mostly because of natural patterns in the Earth’s environment (Q4.1_7) 
There is no solid evidence that the Earth is getting warmer (Q4.1_8) 
",,,,,,,,"Q4.2 Do you agree with the following statements related to the COVID-19 pandemic? Strongly disagree (1)
Somewhat disagree (2)
Neither agree nor disagree (3)
Somewhat agree (4)
Strongly agree (5)
COVID-19 is a hoax (Q4.2_1) 
COVID-19 was created in a lab (Q4.2_2) 
COVID-19 was spread purposefully (by China or by other actors) (Q4.2_3) 
5G Mobile networks spread COVID-19 (Q4.2_4) 
COVID-19 is God’s punishment for immoral behavior (Q4.2_5) 
The seasonal flu is just as dangerous as COVID-19 (Q4.2_6) 
Mask wearing reduces the transmission of COVID-19 (Q4.2_7) 
",,,,,,,"Q4.3 Do you agree with the following statements related to COVID-19 vaccines? Strongly disagree (1)
Somewhat disagree (2)
Neither agree nor disagree (3)
Somewhat agree (4)
Strongly agree (5)
COVID-19 vaccines cause variants (Q4.3_1) 
COVID-19 vaccines can make me sick with COVID-19 (Q4.3_2) 
Getting the COVID-19 vaccine can cause me to test positive for COVID-19 on a viral test (Q4.3_3) 
It is not safe to get the COVID-19 vaccine if I would like to have a baby one day (Q4.3_4) 
COVID-19 vaccines alter my DNA (Q4.3_5) 
Receiving a COVID-19 vaccine causes you to be magnetic (Q4.3_6) 
COVID-19 vaccines contain microchips that track your movement (Q4.3_7) 
Being near someone who received a COVID-19 vaccine can affect my menstrual cycle (Q4.3_8) 
Public health officials are not telling us everything they know about COVID-19 vaccines (Q4.3_9) 
We don't really know yet if there are serious health risks from COVID-19 vaccines (Q4.3_10) 
There is too much pressure to get a COVID-19 vaccine (Q4.3_11) 
The COVID-19 vaccine development process was rushed (Q4.3_12) 
COVID-19 vaccines are effective (Q4.3_13) 
COVID-19 vaccines are the best way to protect us from COVID-19 (Q4.3_14) 
People who choose not to get a COVID-19 vaccine are hurting the country (Q4.3_15) 
",,,,,,,,,,,,,,,"Q4.4 Do you agree with the following statements related to COVID-19 vaccines for children? Strongly disagree (1)
Somewhat disagree (2)
Neither agree nor disagree (3)
Somewhat agree (4)
Strongly agree (5)
More research is needed on the effects of the COVID-19 vaccine on children (Q4.4_1) 
COVID-19 vaccines can have side effects on children (Q4.4_2) 
Children do not need the COVID-19 vaccine (Q4.4_3) 
Getting a COVID-19 vaccine as a child may lead to infertility in the future (Q4.4_4) 
COVID-19 vaccines protect children from serious illness (Q4.4_5) 
COVID-19 vaccines allow children to attend school and get proper education (Q4.4_6) 
",,,,,,"Q4.5 Do you agree with the following statements related to trust on institutions? Strongly disagree (1)
Somewhat disagree (2)
Neither disagree nor agree (3)
Somewhat agree (4)
Strongly agree (5)
I trust vaccine research and development (research communities) (Q4.5_1) 
I trust pharmaceutical companies that produce COVID-19 vaccines (Q4.5_2) 
I trust recommendations from the Centers for Disease Control and Prevention (CDC) on getting a COVID-19 vaccine (Q4.5_3) 
I trust the federal government to deliver COVID-19 vaccines fairly to all Americans regardless of their race, ethnicity, or other characteristics (Q4.5_4) 
",,,," In this section you will be asked questions about the sources that you followed to gather information on the COVID-19 pandemic and your knowledge of your community's vaccine behavior. Move your top 3 most trusted sources of information about COVID-19 vaccines into the box on the right and rank it accordingly: ______ Centers for Disease Control and Prevention (CDC) (1)
______ Employer (2)
______ Family and friends (3)
______ Food and Drug Administration (FDA) (4)
______ Health insurers (5)
______ Hospital system websites (e.g. Kaiser Permanente) (6)
______ Local health officials (7)
______ News sources (e.g., television, internet, and radio) (8)
______ Nurses (9)
______ Pharmacists (10)
______ Primary care providers (11)
______ Professional organization(s) (12)
______ Religious leader(s) (13)
______ State health departments (14)
______ Online publishers of medical information (e.g., WebMD or Mayo Clinic) (15)
______ Social media (e.g., Facebook, Twitter, Instagram, etc.) (16)
______ Union leader(s) (17)
______ Other. Please specify: (18)
",,,,,,,,,,,,,,,,,,"Who/what played a role in your decision to get/not get vaccinated for COVID-19? Mark all that apply Family member  (1) 
Friend  (2) 
Employer  (3) 
Religious leader  (4) 
Other community leader. Please specify:  (5) __________________________________________________
Health professional  (6) 
News media  (7) 
Social media  (8) 
Vaccine recommendations by the Centers for Disease Control and Prevention (CDC)  (9) 
Vaccine recommendations by Dr. Antonio Fauci  (10) 
Vaccine recommendations by the Trump administration  (11) 
Vaccine recommendations by the Biden administration  (12) ",,,,,,,,,,,,"Q5.4 What are the news outlets that you follow to get news about COVID-19? Mark all that apply. ▢	Social media (Facebook groups; Twitter; Instagram; Gab; Reddit; Telegram; etc.)  (1) 
▢	Newspapers  (2) 
▢	TV channels  (3) 
▢	News websites  (4) 
▢	Other. Please specify:  (5) __________________________________________________
▢	None  (6) ",,,,,,,"Q5.5 Please put in order the following social media outlets to denote your trust on them on providing accurate information about politics and current events on COVID-19. (1 being the most trusted) ______ Facebook (1)
______ Twitter (2)
______ Instagram (3)
______ Reddit (4)
______ Gab (5)
______ Telegram (6)
______ Other. Please specify: (7)",,,,,,,,"Q5.6 Please put in order the following television news sources to denote your trust on them on providing accurate information about politics and current events on COVID-19. (1 being the most trusted) Q5.6 Please put in order the following television news sources to denote your trust on them on providing accurate information about politics and current events on COVID-19. (1 being the most trusted)
______ ABC (1)
______ CBS (2)
______ CNN (3)
______ Fox News (4)
______ MSNBC (5)
______ Local television news (6)
______ Public television (7)
______ Spanish TV channels (e.g., Telemundo, Univision, UniMas) (8)
______ Other (9)",,,,,,,,,"Q5.7 Have you seen or heard any information about COVID-19 vaccines (e.g., on the news, on social media, or from friends and family) that you could not determine were true or false? o	Yes  (1) 
o	No  (2) ","Q5.8 How do you feel about the amount of information on COVID-19 vaccines that you are getting?  o	I’m not getting enough information  (1) 
o	I’m getting enough information  (2) 
o	I’m getting too much information  (3) 
o	It is hard to make sense of all the information about COVID-19 vaccines  (4) ","Q5.9 Do you think most of the people at your work or school got a COVID-19 vaccine? o	Yes  (1) 
o	No  (2) 
o	I am not currently working or attending school  (3) ","Q5.10 Have most of your friends gotten a COVID-19 vaccine? o	Yes  (1) 
o	No  (2) ","Q5.11 Have most of your family members gotten a COVID-19 vaccine? o	Yes, most of my family members, including my extended family, got vaccinated  (1) 
o	Yes, my immediate family members got vaccinated  (2) 
o	No  (3) ","Q5.12 Do you think most people in your religious institution/group (church, mosque, synagogue or other) got a COVID-19 vaccine?  o	Yes  (1) 
o	No  (2) 
o	I do not attend church, mosque, or religion institution/group  (3) ","Q5.13 Do you think most of your friends got their children vaccinated for COVID-19? o	Yes  (1) 
o	No  (2) ","Q5.14 Do you think most students at your son/daughter's school or university got a COVID-19 vaccine? o	Yes  (1) 
o	No  (2) 
o	My son/daughter (sons/daughters) do not attend school or university  (3) 
","Q6.1 Is the existence of COVID-19 misinformation/fake news a problem in the United States? o	Yes, definitely  (1) 
o	Yes, to some extent  (2) 
o	No, not really  (3) 
o	No, definitely not  (4) ","Q6.2 How confident are you in your ability to identify misinformation/fake news? o	Very confident  (1) 
o	Somewhat confident  (2) 
o	Not very confident  (3) 
o	Not at all confident  (4) ","Q6.3 How confident are you in the US population's ability to identify misinformation/fake news? o	Very confident  (1) 
o	Somewhat confident  (2) 
o	Not very confident  (3) 
o	Not at all confident  (4) ","Q6.4 What are the agents most likely to create and disseminate COVID-19 misinformation/fake news? (select all that apply) ▢	Anonymous social media accounts  (1) 
▢	Politicians  (2) 
▢	Political parties  (3) 
▢	Journalists  (4) 
▢	Non-governmental sector  (5) 
▢	Corporations, business  (6) 
▢	Academia  (7) 
",,,,,,,"Q6.5 In what types of media did you come across COVID-19 misinformation/fake news? (select all that apply) ▢	Social media and messaging apps  (1) 
▢	Online blogs, forums  (2) 
▢	Online podcasts  (3) 
▢	Online only newspapers, news portals  (4) 
▢	Print newspapers and news magazines  (5) 
▢	News agencies  (6) 
▢	Information shared by friends and family  (7) 
▢	Video sharing platforms  (8) 
▢	Television  (9) 
▢	Traditional media online  (10) 
▢	Radio  (11) 
▢	Popular literature  (12) ",,,,,,,,,,,,"Q6.6 What are the most effective measures for curtailing the adverse effects of misinformation/fake news? (select all that apply) ▢	Impose legal restrictions on distribution of certain claims and content  (1) 
▢	Implement tougher self-regulating measures among the information providers  (2) 
▢	Raise awareness among the public  (3) ",,,"Q6.7 What are the most effective policies to address misinformation/fake news? (select all that apply) ▢	Promote media and information literacy  (1) 
▢	Encourage critical thinking about the origin of information on the internet  (2) 
▢	Develop tools for tackling misinformation/fake news  (3) 
▢	Promote continued research on the impact of misinformation/fake news  (4) 
▢	Safeguard the diversity and sustainability of the news media ecosystem  (5) 
▢	Enhance transparency of online news (sharing of data)  (6) ",,,,,,"Q6.8 Should online platforms assume greater responsibilities in protecting users from COVID-19 misinformation/fake news? o	Yes  (1) 
o	No  (2) ","Q6.9 What should online platforms do to protect its users from misinformation/fake news? (select all that apply) ▢	Ensure transparency about sponsored content  (1) 
▢	Make closing fake accounts effective  (2) 
▢	Provide fact-checking access to platform via application programming interfaces  (3) 
▢	Provide user with easily-accessible tools to report misinformation/fake news  (4) 
▢	Ensure that online services include safeguards against misinformation/fake news  (5) 
▢	Improve the findability of trustworthy content  (6) 
▢	Establish marking systems and rules for bots  (7) 
▢	Improve the scrutiny of advertisement placements  (8) 
▢	Enable a customized content discovery and access to alternative viewpoints  (9) 
▢	Facilitate users' assessment of content through indicators of the trustworthiness  (10) ",,,,,,,,,,"Q6.1 In this section you will be asked questions about the effects of the COVID-19 pandemic (from March 2020 to March 2022) on your domestic life. During the COVID-19 pandemic (from March 2020 to March 2022), did the number of hours devoted to the following activities change? I do not usually do it (1)	Decreased (2)	Stayed the same (3)	Increased (4)        Cooking and serving meals (Q6.1_1) 
Cleaning and maintaining household (Q6.1_2) 
Household management (e.g.paying bills) (Q6.1_3) 
Shopping for my family/household member (Q6.1_4) 
Playing with, talking to and reading to children (Q6.1_5) 
Instructing, teaching, training children (Q6.1_6) 
Caring for children, including feeding, cleaning, physical care (Q6.1_7) 
Assisting older/sick/disabled adults with medical care, feeding, cleaning, physical care (Q6.1_8) 
Affective/emotional support for adult family members and children (Q6.1_9) 
Pet care (Q6.1_10) ",,,,,,,,,,"Q7.2 During the COVID-19 pandemic (from March 2020 to March 2022), please put in order the following activities to denote the ones you spend the most time. (1 denotes the most time spent on) ______ Cooking and serving meals (1)
______ Cleaning and maintaining my household (2)
______ Household management (3)
______ Shopping for my family/household members (4)
______ Playing with, talking to and reading to children (5)
______ Instructing, teaching, training children (6)
______ Caring for children, including feeding, cleaning, physical care (7)
______ Assisting older/sick/disabled adults with medical care, feeding, cleaning, physical care (8)
______ Affective/emotional support for adult family members (9)
______ Pet care (10)",,,,,,,,,,"Q6.3 During the COVID-19 pandemic (from March 2020 to March 2022), did the roles and responsibilities within the household get affected? My partner/spouse helps me more with household chores and/or caring for family (Q6.3_1) 
My daughter(s) helps me more with household chores and/or caring for family (Q6.3_2) 
My son(s) helps me more with household chores and/or caring for the family (Q6.3_3) 
Both my daughter(s) and son(s) help me more with household chores and/or caring for the family (Q6.3_4) 
Hired a domestic worker/babysitter/nurse (Q6.3_5) 
Domestic workers/babysitter/nurse works longer hours with us (Q6.3_6) 
Domestic worker/babysitter/nurse no longer works with us (Q6.3_7) 
I am on my own, no one can help me with household chores and caring for family (Q6.3_8) Yes (1)	No (2)		Not Applicable (3)",,,,,,,,"Q7.4 During the COVID-19 pandemic (from March 2020 to March 2022), did you feel an increase of any form of discrimination or prejudice (based on gender, race, ethnicity, or other) in the state/area where you live? o	Yes  (1) 
o	No  (2) ","Q7.5 During the COVID-19 pandemic (from March 2020 to March 2022), did you feel/hear about increases of domestic violence? o	Yes  (1) 
o	No  (2) ","Gender o	Male  (1) 
o	Female  (2) 
o	Undetermined  (3)","Q9.8 What is the highest degree or level of school you have completed?  o	Less than high school degree  (1) 
o	High school graduate (regular high school diploma or equivalent including GED)  (2) 
o	Some college, but no degree  (3) 
o	Associate degree in college (2-year) (for example: AA, AS)  (4) 
o	Bachelor's degree in college (4-year) (for example: BA, BS)  (5) 
o	Master's degree (for example: MA, MS, MEng, MEd, MSW, MBA)  (6) 
o	Professional degree (for example: MD, DDS, DVM, LLB, JD)  (7) 
o	Doctoral degree (for example: PhD, EdD)  (8) ","Q9.9 What is your marital status? o	Now married  (1) 
o	Widowed  (2) 
o	Divorced  (3) 
o	Separated  (4) 
o	Never Married  (5) ","What is your religious preference? o	Evangelical Protestant  (1) 
o	Other Protestant  (2) 
o	Catholic  (3) 
o	Jewish  (4) 
o	Muslim/Islam  (5) 
o	Hindu  (6) 
o	Agnostic  (7) 
o	Atheist  (8) 
o	Nothing in particular  (9) ","Q10.2 How often do you take part in the activities and organizations of a church or place of worship other than attending services? o	Never  (1) 
o	Less than once a year  (2) 
o	About once or twice a year  (3) 
o	Several times a year  (4) 
o	About once a month  (5) 
o	2-3 times a month  (6) 
o	Nearly every week  (7) 
o	Every week  (8) 
o	Several times a week  (9) 
o	Once a day  (10) 
o	Several times a day  (11) ","Generally speaking, how much interest would you say you have in politics? o	Extremely interested  (1) 
o	Very interested  (2) 
o	Moderately interested  (3) 
o	Slightly interested  (4) 
o	Not at all interested  (5) ","Generally speaking, do you usually think of yourself as a Republican, Democrat, Independent, or what? o	Strong Democrat  (1) 
o	Not strong Democrat  (2) 
o	Independent, near Democrat  (3) 
o	Independent  (4) 
o	Independent, near Republican  (5) 
o	Not strong Republican  (6) 
o	Strong Republican  (7) 
o	Other party. Please specify:  (8) ","Q11.3 We hear a lot of talk these days about liberals and conservatives. Here is a seven-point scale on which the political views that people might hold are arranged from extremely liberal to extremely conservative. Where would you place yourself on this scale? o	Extremely liberal  (1) 
o	Liberal  (2) 
o	Slightly liberal  (3) 
o	Moderate  (4) 
o	Slightly conservative  (5) 
o	Conservative  (6) 
o	Extremely conservative  (7) ","Did you work last week or in the past 5 years? o	Worked last week  (1) 
o	Did not work last week, but worked at least some time in the past 5 years  (2) 
o	No  (3) ","Q12.3 What was your main occupation last week or in the past 5 years? o	Management Occupation– Top Executive– Advertising, Marketing, Promotions, Public Relations, and Sales Manager– Operations Specialties Manager– Other Management Occupation  (1) 
o	Business and Financial Operations Occupation– Business Operations Specialist– Financial Specialist  (2) 
o	Computer and Mathematical Occupation– Computer Occupation– Mathematical Science Occupation  (3) 
o	Architecture and Engineering Occupation– Architect, Surveyor, and Cartographer– Engineer– Drafter, Engineering Technician, and Mapping Technician  (4) 
o	Life, Physical, and Social Science Occupation– Life Scientist– Physical Scientist– Social Scientist and Related Worker– Life, Physical, and Social Science Technician– Occupational Health and Safety Specialist and Technician  (5) 
o	Community and Social Service Occupation– Counselor, Social Worker, and Other Community and Social Service Specialist– Religious Worker  (6) 
o	Legal Occupation– Lawyer, Judge, and Related Worker– Legal Support Worker  (7) 
o	Educational Instruction and Library Occupation– Postsecondary Teacher– Preschool, Elementary, Middle, Secondary, and Special Education Teacher– Other Teacher and Instructor Occupation– Librarian, Curator, and Archivist– Other Educational Instruction and Library Occupation  (8) 
o	Arts, Design, Entertainment, Sports, and Media Occupation– Art and Design Worker– Entertainer and Performer, Sports and Related Worker– Media and Communication Worker– Media and Communication Equipment Worker  (9) 
o	Healthcare Practitioners and Technical Occupation– Healthcare Diagnosing or Treating Practitioner– Health Technologist and Technician– Other Healthcare Practitioner and Technical Occupation  (10) 
o	Healthcare Support Occupation– Home Health and Personal Care Aides; and Nursing Assistants, Orderlies, and Psychiatric Aides– Occupational Therapy and Physical Therapist Assistant and Aide– Other Healthcare Support Occupation  (11) 
o	Protective Service Occupation– Supervisor of Protective Service Workers– Firefighting and Prevention Worker– Law Enforcement Worker– Other Protective Service Worker  (12) 
o	Food Preparation and Serving Related Occupation– Supervisor of Food Preparation and Serving Workers– Cook and Food Preparation Worker– Food and Beverage Serving Worker– Other Food Preparation and Serving Related Worker  (13) 
o	Building and Grounds Cleaning and Maintenance Occupation– Supervisor of Building and Grounds Cleaning and Maintenance Workers– Building Cleaning and Pest Control Worker– Grounds Maintenance Worker  (14) 
o	Personal Care and Service Occupation– Supervisor of Personal Care and Service Workers– Animal Care and Service Worker– Entertainment Attendant and Related Worker– Funeral Service Worker– Personal Appearance Worker– Baggage Porter, Bellhop, and Concierge– Tour and Travel Guide– Other Personal Care and Service Worker  (15) 
o	Sales and Related Occupation– Supervisor of Sales Workers– Retail Sales Worker– Sales Representative, Services– Sales Representative, Wholesale and Manufacturing– Other Sales and Related Worker  (16) 
o	Office and Administrative Support Occupation– Supervisor of Office and Administrative Support Workers– Communications Equipment Operator– Financial Clerk– Information and Record Clerk– Material Recording, Scheduling, Dispatching, and Distributing Worker– Secretary and Administrative Assistant– Other Office and Administrative Support Worker  (17) 
o	Farming, Fishing, and Forestry Occupation–Supervisor of Farming, Fishing, and Forestry Worker– Agricultural Worker– Fishing and Hunting Worker– Forest, Conservation, and Logging Worker  (18) 
o	Construction and Extraction Occupation– Supervisor of Construction and Extraction Workers– Construction Trades Worker– Helper, Construction Trades– Other Construction and Related Worker– Extraction Worker  (19) 
o	Installation, Maintenance, and Repair Occupation– Supervisor of Installation, Maintenance, and Repair Worker– Electrical and Electronic Equipment Mechanic, Installer, and Repairer– Vehicle and Mobile Equipment Mechanic, Installer, and Repairer– Other Installation, Maintenance, and Repair Occupation  (20) 
o	Production Occupation– Supervisor of Production Workers– Assembler and Fabricator– Food Processing Worker– Metal Worker and Plastic Worker– Printing Worker– Textile, Apparel, and Furnishings Worker– Woodworker– Plant and System Operator– Other Production Occupation  (21) 
o	Transportation and Material Moving Occupation– Supervisor of Transportation and Material Moving Workers– Air Transportation Worker– Motor Vehicle Operator– Rail Transportation Worker– Water Transportation Worker– Other Transportation Worker– Material Moving Worker  (22) 
o	Military Specific Occupation– Military Officer Special and Tactical Operations Leader– First-Line Enlisted Military Supervisor– Military Enlisted Tactical Operations and Air/Weapons Specialist and Crew Member  (23) ","Q13.2 Please report your total annual individual income (report amount before deductions for taxes, bonds, dues, or other items)."
